TreeDepth,PID,PPID,ImageFileName,Offset(V),Threads,Handles,SessionId,Wow64,CreateTime,ExitTime,Audit,Cmd,Path
0,4,0,System,0x8f8706064080,99,-,N/A,False,2024-08-30 22:38:28.000000 UTC,N/A,-,-,-
1,296,4,smss.exe,0x8f8706d60700,2,-,N/A,False,2024-08-30 22:38:28.000000 UTC,N/A,\\Device\\HarddiskVolume1\\Windows\\System32\\smss.exe,-,-
1,68,4,Registry,0x8f87061ac080,4,-,N/A,False,2024-08-30 22:38:26.000000 UTC,N/A,Registry,-,-
0,404,392,csrss.exe,0x8f870689c080,10,-,0,False,2024-08-30 22:38:34.000000 UTC,N/A,\\Device\\HarddiskVolume1\\Windows\\System32\\csrss.exe,"%SystemRoot%\\system32\\csrss.exe ObjectDirectory=\\Windows SharedSection=1024,20480,768 Windows=On SubSystemType=Windows ServerDll=basesrv,1 ServerDll=winsrv:UserServerDllInitialization,3 ServerDll=sxssrv,4 ProfileControl=Off MaxRequestThreads=16",C:\\Windows\\system32\\csrss.exe
0,480,472,csrss.exe,0x8f870a42f140,12,-,1,False,2024-08-30 22:38:36.000000 UTC,N/A,\\Device\\HarddiskVolume1\\Windows\\System32\\csrss.exe,"%SystemRoot%\\system32\\csrss.exe ObjectDirectory=\\Windows SharedSection=1024,20480,768 Windows=On SubSystemType=Windows ServerDll=basesrv,1 ServerDll=winsrv:UserServerDllInitialization,3 ServerDll=sxssrv,4 ProfileControl=Off MaxRequestThreads=16",C:\\Windows\\system32\\csrss.exe
0,496,392,wininit.exe,0x8f870a441080,1,-,0,False,2024-08-30 22:38:36.000000 UTC,N/A,\\Device\\HarddiskVolume1\\Windows\\System32\\wininit.exe,-,-
1,600,496,services.exe,0x8f870a46f080,6,-,0,False,2024-08-30 22:38:36.000000 UTC,N/A,\\Device\\HarddiskVolume1\\Windows\\System32\\services.exe,C:\\Windows\\system32\\services.exe,C:\\Windows\\system32\\services.exe
2,1288,600,spoolsv.exe,0x8f870af0f080,6,-,0,False,2024-08-30 22:38:40.000000 UTC,N/A,\\Device\\HarddiskVolume1\\Windows\\System32\\spoolsv.exe,C:\\Windows\\System32\\spoolsv.exe,C:\\Windows\\System32\\spoolsv.exe
2,272,600,svchost.exe,0x8f870af89080,6,-,0,False,2024-08-30 22:41:15.000000 UTC,N/A,\\Device\\HarddiskVolume1\\Windows\\System32\\svchost.exe,C:\\Windows\\system32\\svchost.exe -k appmodel -p,C:\\Windows\\system32\\svchost.exe
2,1172,600,svchost.exe,0x8f87061d7080,16,-,0,False,2024-08-30 22:38:38.000000 UTC,N/A,\\Device\\HarddiskVolume1\\Windows\\System32\\svchost.exe,C:\\Windows\\system32\\svchost.exe -k ICService -p,C:\\Windows\\system32\\svchost.exe
2,792,600,svchost.exe,0x8f870a3c1200,28,-,0,False,2024-08-30 22:38:38.000000 UTC,N/A,\\Device\\HarddiskVolume1\\Windows\\System32\\svchost.exe,C:\\Windows\\System32\\svchost.exe -k LocalSystemNetworkRestricted -p,C:\\Windows\\System32\\svchost.exe
3,1672,792,ctfmon.exe,0x8f870b168080,8,-,1,False,2024-08-30 22:43:10.000000 UTC,N/A,\\Device\\HarddiskVolume1\\Windows\\System32\\ctfmon.exe,"""ctfmon.exe""",C:\\Windows\\system32\\ctfmon.exe
2,1692,600,svchost.exe,0x8f870adb9080,4,-,0,False,2024-08-30 22:38:39.000000 UTC,N/A,\\Device\\HarddiskVolume1\\Windows\\System32\\svchost.exe,-,-
2,796,600,svchost.exe,0x8f870a4e5080,10,-,0,False,2024-08-30 22:38:37.000000 UTC,N/A,\\Device\\HarddiskVolume1\\Windows\\System32\\svchost.exe,C:\\Windows\\system32\\svchost.exe -k RPCSS -p,C:\\Windows\\system32\\svchost.exe
2,1568,600,svchost.exe,0x8f870ad2e080,5,-,0,False,2024-08-30 22:38:39.000000 UTC,N/A,\\Device\\HarddiskVolume1\\Windows\\System32\\svchost.exe,C:\\Windows\\system32\\svchost.exe -k LocalServiceNetworkRestricted -p,C:\\Windows\\system32\\svchost.exe
2,5152,600,msiexec.exe,0x8f870be2f080,8,-,0,False,2024-08-30 23:21:51.000000 UTC,N/A,\\Device\\HarddiskVolume1\\Windows\\System32\\msiexec.exe,C:\\Windows\\system32\\msiexec.exe /V,C:\\Windows\\system32\\msiexec.exe
3,88,5152,msiexec.exe,0x8f87250cb0c0,0,-,1,True,2024-08-30 23:21:52.000000 UTC,2024-08-30 23:22:16.000000 UTC,\\Device\\HarddiskVolume1\\Windows\\SysWOW64\\msiexec.exe,-,-
2,1320,600,msdtc.exe,0x8f8706193080,9,-,0,False,2024-08-30 22:40:46.000000 UTC,N/A,\\Device\\HarddiskVolume1\\Windows\\System32\\msdtc.exe,-,-
2,428,600,svchost.exe,0x8f870a386280,5,-,0,False,2024-08-30 22:38:38.000000 UTC,N/A,\\Device\\HarddiskVolume1\\Windows\\System32\\svchost.exe,C:\\Windows\\system32\\svchost.exe -k LocalService,C:\\Windows\\system32\\svchost.exe
2,2092,600,svchost.exe,0x8f870af8a080,6,-,0,False,2024-08-30 22:38:41.000000 UTC,N/A,\\Device\\HarddiskVolume1\\Windows\\System32\\svchost.exe,C:\\Windows\\System32\\svchost.exe -k smbsvcs,C:\\Windows\\System32\\svchost.exe
2,1204,600,svchost.exe,0x8f870ac602c0,15,-,0,False,2024-08-30 22:38:38.000000 UTC,N/A,\\Device\\HarddiskVolume1\\Windows\\System32\\svchost.exe,C:\\Windows\\system32\\svchost.exe -k LocalServiceNoNetworkFirewall -p,C:\\Windows\\system32\\svchost.exe
2,1588,600,VSSVC.exe,0x8f870adab080,2,-,0,False,2024-08-30 22:38:39.000000 UTC,N/A,\\Device\\HarddiskVolume1\\Windows\\System32\\VSSVC.exe,C:\\Windows\\system32\\vssvc.exe,C:\\Windows\\system32\\vssvc.exe
2,704,600,svchost.exe,0x8f870a52c200,15,-,0,False,2024-08-30 22:38:37.000000 UTC,N/A,\\Device\\HarddiskVolume1\\Windows\\System32\\svchost.exe,C:\\Windows\\system32\\svchost.exe -k DcomLaunch -p,C:\\Windows\\system32\\svchost.exe
3,3264,704,ShellExperienc,0x8f870b952080,20,-,1,False,2024-08-30 22:43:14.000000 UTC,N/A,\\Device\\HarddiskVolume1\\Windows\\SystemApps\\ShellExperienceHost_cw5n1h2txyewy\\ShellExperienceHost.exe,-,-
3,2820,704,SppExtComObj.E,0x8f870b307080,1,-,0,False,2024-08-30 22:38:54.000000 UTC,N/A,\\Device\\HarddiskVolume1\\Windows\\System32\\SppExtComObj.Exe,-,-
3,3856,704,RuntimeBroker.,0x8f870bacc080,5,-,1,False,2024-08-30 22:43:24.000000 UTC,N/A,\\Device\\HarddiskVolume1\\Windows\\System32\\RuntimeBroker.exe,C:\\Windows\\System32\\RuntimeBroker.exe -Embedding,C:\\Windows\\System32\\RuntimeBroker.exe
3,3444,704,RuntimeBroker.,0x8f870b963080,2,-,1,False,2024-08-30 22:43:16.000000 UTC,N/A,\\Device\\HarddiskVolume1\\Windows\\System32\\RuntimeBroker.exe,C:\\Windows\\System32\\RuntimeBroker.exe -Embedding,C:\\Windows\\System32\\RuntimeBroker.exe
3,3388,704,SearchUI.exe,0x8f870b9a0080,15,-,1,False,2024-08-30 22:43:15.000000 UTC,N/A,\\Device\\HarddiskVolume1\\Windows\\SystemApps\\Microsoft.Windows.Cortana_cw5n1h2txyewy\\SearchUI.exe,-,-
3,3544,704,RuntimeBroker.,0x8f870ba19080,9,-,1,False,2024-08-30 22:43:17.000000 UTC,N/A,\\Device\\HarddiskVolume1\\Windows\\System32\\RuntimeBroker.exe,C:\\Windows\\System32\\RuntimeBroker.exe -Embedding,C:\\Windows\\System32\\RuntimeBroker.exe
3,2524,704,unsecapp.exe,0x8f870b175080,2,-,0,False,2024-08-30 22:38:45.000000 UTC,N/A,\\Device\\HarddiskVolume1\\Windows\\System32\\wbem\\unsecapp.exe,C:\\Windows\\system32\\wbem\\unsecapp.exe -Embedding,C:\\Windows\\system32\\wbem\\unsecapp.exe
2,320,600,svchost.exe,0x8f870a5f72c0,28,-,0,False,2024-08-30 22:38:38.000000 UTC,N/A,\\Device\\HarddiskVolume1\\Windows\\System32\\svchost.exe,C:\\Windows\\system32\\svchost.exe -k LocalService -p,C:\\Windows\\system32\\svchost.exe
2,1344,600,svchost.exe,0x8f8706158080,40,-,0,False,2024-08-30 22:38:39.000000 UTC,N/A,\\Device\\HarddiskVolume1\\Windows\\System32\\svchost.exe,C:\\Windows\\system32\\svchost.exe -k netsvcs -p,C:\\Windows\\system32\\svchost.exe
3,1956,1344,taskhostw.exe,0x8f870a321080,7,-,1,False,2024-08-30 22:43:09.000000 UTC,N/A,\\Device\\HarddiskVolume1\\Windows\\System32\\taskhostw.exe,taskhostw.exe {222A245B-E637-4AE9-A93F-A59CA119A75E},C:\\Windows\\system32\\taskhostw.exe
3,2772,1344,sihost.exe,0x8f870b4a4080,9,-,1,False,2024-08-30 22:43:09.000000 UTC,N/A,\\Device\\HarddiskVolume1\\Windows\\System32\\sihost.exe,sihost.exe,C:\\Windows\\system32\\sihost.exe
3,580,1344,taskhostw.exe,0x8f87189bd0c0,4,-,1,False,2024-08-30 22:55:12.000000 UTC,N/A,\\Device\\HarddiskVolume1\\Windows\\System32\\taskhostw.exe,taskhostw.exe,C:\\Windows\\system32\\taskhostw.exe
4,2496,580,rdrleakdiag.ex,0x8f87156ac0c0,1,-,1,True,2024-08-30 22:55:52.000000 UTC,N/A,\\Device\\HarddiskVolume1\\Windows\\SysWOW64\\rdrleakdiag.exe,-,-
2,2116,600,splunkd.exe,0x8f870af63080,52,-,0,False,2024-08-30 22:38:41.000000 UTC,N/A,\\Device\\HarddiskVolume1\\Program Files\\SplunkUniversalForwarder\\bin\\splunkd.exe,"""C:\\Program Files\\SplunkUniversalForwarder\\bin\\splunkd.exe"" service",C:\\Program Files\\SplunkUniversalForwarder\\bin\\splunkd.exe
3,2656,2116,conhost.exe,0x8f8706335080,4,-,0,False,2024-08-30 22:38:45.000000 UTC,N/A,\\Device\\HarddiskVolume1\\Windows\\System32\\conhost.exe,-,-
2,972,600,svchost.exe,0x8f870a3cb280,21,-,0,False,2024-08-30 22:38:38.000000 UTC,N/A,\\Device\\HarddiskVolume1\\Windows\\System32\\svchost.exe,C:\\Windows\\system32\\svchost.exe -k NetworkService -p,C:\\Windows\\system32\\svchost.exe
2,1872,600,svchost.exe,0x8f870af2b280,10,-,0,False,2024-08-30 22:38:41.000000 UTC,N/A,\\Device\\HarddiskVolume1\\Windows\\System32\\svchost.exe,C:\\Windows\\System32\\svchost.exe -k utcsvc -p,C:\\Windows\\System32\\svchost.exe
2,2896,600,svchost.exe,0x8f870633e080,11,-,0,False,2024-08-30 22:38:54.000000 UTC,N/A,\\Device\\HarddiskVolume1\\Windows\\System32\\svchost.exe,C:\\Windows\\system32\\svchost.exe -k LocalServiceAndNoImpersonation -p,C:\\Windows\\system32\\svchost.exe
2,348,600,svchost.exe,0x8f870a31e080,17,-,0,False,2024-08-30 22:38:38.000000 UTC,N/A,\\Device\\HarddiskVolume1\\Windows\\System32\\svchost.exe,C:\\Windows\\System32\\svchost.exe -k LocalServiceNetworkRestricted -p,C:\\Windows\\System32\\svchost.exe
2,2144,600,wlms.exe,0x8f870b00a080,2,-,0,False,2024-08-30 22:38:41.000000 UTC,N/A,\\Device\\HarddiskVolume1\\Windows\\System32\\wlms\\wlms.exe,C:\\Windows\\system32\\wlms\\wlms.exe,C:\\Windows\\system32\\wlms\\wlms.exe
2,2276,600,sppsvc.exe,0x8f870b042080,3,-,0,False,2024-08-30 22:38:42.000000 UTC,N/A,\\Device\\HarddiskVolume1\\Windows\\System32\\sppsvc.exe,C:\\Windows\\system32\\sppsvc.exe,C:\\Windows\\system32\\sppsvc.exe
2,356,600,svchost.exe,0x8f870b4b2080,1,-,0,False,2024-08-30 22:40:50.000000 UTC,N/A,\\Device\\HarddiskVolume1\\Windows\\System32\\svchost.exe,C:\\Windows\\system32\\svchost.exe -k wusvcs -p,C:\\Windows\\system32\\svchost.exe
2,2152,600,Sysmon64.exe,0x8f870b008080,13,-,0,False,2024-08-30 22:38:41.000000 UTC,N/A,\\Device\\HarddiskVolume1\\Windows\\Sysmon64.exe,C:\\Windows\\Sysmon64.exe,C:\\Windows\\Sysmon64.exe
2,3304,600,svchost.exe,0x8f870be74340,7,-,0,False,2024-08-30 23:22:22.000000 UTC,N/A,\\Device\\HarddiskVolume1\\Windows\\System32\\svchost.exe,C:\\Windows\\system32\\svchost.exe -k wsappx -p,C:\\Windows\\system32\\svchost.exe
2,1516,600,svchost.exe,0x8f870ae18080,5,-,1,False,2024-08-30 22:43:09.000000 UTC,N/A,\\Device\\HarddiskVolume1\\Windows\\System32\\svchost.exe,C:\\Windows\\system32\\svchost.exe -k UnistackSvcGroup,C:\\Windows\\system32\\svchost.exe
2,1008,600,svchost.exe,0x8f870a352280,27,-,0,False,2024-08-30 22:38:37.000000 UTC,N/A,\\Device\\HarddiskVolume1\\Windows\\System32\\svchost.exe,C:\\Windows\\System32\\svchost.exe -k termsvcs,C:\\Windows\\System32\\svchost.exe
2,1020,600,svchost.exe,0x8f870a35a280,9,-,0,False,2024-08-30 22:38:38.000000 UTC,N/A,\\Device\\HarddiskVolume1\\Windows\\System32\\svchost.exe,C:\\Windows\\system32\\svchost.exe -k LocalServiceNoNetwork -p,C:\\Windows\\system32\\svchost.exe
1,724,496,fontdrvhost.ex,0x8f8709b5d080,5,-,0,False,2024-08-30 22:38:37.000000 UTC,N/A,\\Device\\HarddiskVolume1\\Windows\\System32\\fontdrvhost.exe,"""fontdrvhost.exe""",C:\\Windows\\system32\\fontdrvhost.exe
1,608,496,lsass.exe,0x8f870a468080,14,-,0,False,2024-08-30 22:38:36.000000 UTC,N/A,\\Device\\HarddiskVolume1\\Windows\\System32\\lsass.exe,C:\\Windows\\system32\\lsass.exe,C:\\Windows\\system32\\lsass.exe
0,536,472,winlogon.exe,0x8f8706ccd0c0,6,-,1,False,2024-08-30 22:38:36.000000 UTC,N/A,\\Device\\HarddiskVolume1\\Windows\\System32\\winlogon.exe,winlogon.exe,C:\\Windows\\system32\\winlogon.exe
1,884,536,dwm.exe,0x8f870a5b8080,14,-,1,False,2024-08-30 22:38:37.000000 UTC,N/A,\\Device\\HarddiskVolume1\\Windows\\System32\\dwm.exe,"""dwm.exe""",C:\\Windows\\system32\\dwm.exe
1,732,536,fontdrvhost.ex,0x8f870a4dc080,5,-,1,False,2024-08-30 22:38:37.000000 UTC,N/A,\\Device\\HarddiskVolume1\\Windows\\System32\\fontdrvhost.exe,-,-
1,1356,536,userinit.exe,0x8f870af11080,0,-,1,False,2024-08-30 22:43:11.000000 UTC,2024-08-30 22:43:34.000000 UTC,\\Device\\HarddiskVolume1\\Windows\\System32\\userinit.exe,-,-
2,2788,1356,explorer.exe,0x8f87062ad080,64,-,1,False,2024-08-30 22:43:11.000000 UTC,N/A,\\Device\\HarddiskVolume1\\Windows\\explorer.exe,C:\\Windows\\Explorer.EXE,C:\\Windows\\Explorer.EXE
0,3564,2940,firefox.exe,0x8f870ba7f080,0,-,1,True,2024-08-30 22:46:01.000000 UTC,2024-08-30 22:46:08.000000 UTC,\\Device\\HarddiskVolume1\\Program Files (x86)\\Mozilla Firefox\\firefox.exe,-,-
0,4588,940,firefox.exe,0x8f870b5ed080,65,-,1,True,2024-08-30 22:50:48.000000 UTC,N/A,\\Device\\HarddiskVolume1\\Program Files (x86)\\Mozilla Firefox\\firefox.exe,"""C:\\Program Files (x86)\\Mozilla Firefox\\firefox.exe""",C:\\Program Files (x86)\\Mozilla Firefox\\firefox.exe
1,4872,4588,firefox.exe,0x8f8717b94300,12,-,1,True,2024-08-30 22:57:18.000000 UTC,N/A,\\Device\\HarddiskVolume1\\Program Files (x86)\\Mozilla Firefox\\firefox.exe,"""C:\\Program Files (x86)\\Mozilla Firefox\\firefox.exe"" -contentproc --channel=7352 -childID 24 -isForBrowser -prefsHandle 9560 -prefMapHandle 7288 -prefsLen 33666 -prefMapSize 251350 -jsInitHandle 1320 -jsInitLen 234488 -parentBuildID 20240606181944 -win32kLockedDown -appDir ""C:\\Program Files (x86)\\Mozilla Firefox\\browser"" - {38cd0cca-a127-49c4-b516-50c74f91c3b1} 4588 ""\\\\.\\pipe\\gecko-crash-server-pipe.4588"" tab",C:\\Program Files (x86)\\Mozilla Firefox\\firefox.exe
1,4768,4588,firefox.exe,0x8f870a5f5080,16,-,1,True,2024-08-30 22:54:13.000000 UTC,N/A,\\Device\\HarddiskVolume1\\Program Files (x86)\\Mozilla Firefox\\firefox.exe,"""C:\\Program Files (x86)\\Mozilla Firefox\\firefox.exe"" -contentproc --channel=2932 -childID 10 -isForBrowser -prefsHandle 6684 -prefMapHandle 6728 -prefsLen 33570 -prefMapSize 251350 -jsInitHandle 1320 -jsInitLen 234488 -parentBuildID 20240606181944 -win32kLockedDown -appDir ""C:\\Program Files (x86)\\Mozilla Firefox\\browser"" - {e2654c81-b6c2-40cd-9f06-ed33002e9db3} 4588 ""\\\\.\\pipe\\gecko-crash-server-pipe.4588"" tab",C:\\Program Files (x86)\\Mozilla Firefox\\firefox.exe
1,5028,4588,firefox.exe,0x8f8719f680c0,5,-,1,True,2024-08-30 22:55:15.000000 UTC,N/A,\\Device\\HarddiskVolume1\\Program Files (x86)\\Mozilla Firefox\\firefox.exe,"""C:\\Program Files (x86)\\Mozilla Firefox\\firefox.exe"" -contentproc --channel=8108 -parentBuildID 20240606181944 -sandboxingKind 1 -prefsHandle 6916 -prefMapHandle 7664 -prefsLen 39342 -prefMapSize 251350 -win32kLockedDown -appDir ""C:\\Program Files (x86)\\Mozilla Firefox\\browser"" - {5643f1c3-218e-4160-befc-9fde81a734cd} 4588 ""\\\\.\\pipe\\gecko-crash-server-pipe.4588"" utility",C:\\Program Files (x86)\\Mozilla Firefox\\firefox.exe
1,424,4588,firefox.exe,0x8f870adc5080,17,-,1,True,2024-08-30 22:54:13.000000 UTC,N/A,\\Device\\HarddiskVolume1\\Program Files (x86)\\Mozilla Firefox\\firefox.exe,"""C:\\Program Files (x86)\\Mozilla Firefox\\firefox.exe"" -contentproc --channel=6872 -childID 11 -isForBrowser -prefsHandle 6880 -prefMapHandle 6884 -prefsLen 33570 -prefMapSize 251350 -jsInitHandle 1320 -jsInitLen 234488 -parentBuildID 20240606181944 -win32kLockedDown -appDir ""C:\\Program Files (x86)\\Mozilla Firefox\\browser"" - {c2f98f44-799a-48b9-8fb7-ef7a36740178} 4588 ""\\\\.\\pipe\\gecko-crash-server-pipe.4588"" tab",C:\\Program Files (x86)\\Mozilla Firefox\\firefox.exe
1,3372,4588,firefox.exe,0x8f871ce130c0,5,-,1,True,2024-08-30 22:50:56.000000 UTC,N/A,\\Device\\HarddiskVolume1\\Program Files (x86)\\Mozilla Firefox\\firefox.exe,"""C:\\Program Files (x86)\\Mozilla Firefox\\firefox.exe"" -contentproc --channel=5440 -parentBuildID 20240606181944 -prefsHandle 5420 -prefMapHandle 5412 -prefsLen 32840 -prefMapSize 251350 -appDir ""C:\\Program Files (x86)\\Mozilla Firefox\\browser"" - {a830fda3-3328-45fa-be7b-61a7c3f67190} 4588 ""\\\\.\\pipe\\gecko-crash-server-pipe.4588"" rdd",C:\\Program Files (x86)\\Mozilla Firefox\\firefox.exe
1,4020,4588,firefox.exe,0x8f870b5ea080,16,-,1,True,2024-08-30 22:50:52.000000 UTC,N/A,\\Device\\HarddiskVolume1\\Program Files (x86)\\Mozilla Firefox\\firefox.exe,"""C:\\Program Files (x86)\\Mozilla Firefox\\firefox.exe"" -contentproc --channel=3064 -childID 2 -isForBrowser -prefsHandle 3080 -prefMapHandle 2896 -prefsLen 26740 -prefMapSize 251350 -jsInitHandle 1320 -jsInitLen 234488 -parentBuildID 20240606181944 -win32kLockedDown -appDir ""C:\\Program Files (x86)\\Mozilla Firefox\\browser"" - {6e98140c-d244-4a8a-8a02-9c03f2cb5c13} 4588 ""\\\\.\\pipe\\gecko-crash-server-pipe.4588"" tab",C:\\Program Files (x86)\\Mozilla Firefox\\firefox.exe
1,3508,4588,firefox.exe,0x8f871cc350c0,18,-,1,True,2024-08-30 22:50:49.000000 UTC,N/A,\\Device\\HarddiskVolume1\\Program Files (x86)\\Mozilla Firefox\\firefox.exe,"""C:\\Program Files (x86)\\Mozilla Firefox\\firefox.exe"" -contentproc --channel=1740 -parentBuildID 20240606181944 -prefsHandle 1656 -prefMapHandle 1312 -prefsLen 26176 -prefMapSize 251350 -appDir ""C:\\Program Files (x86)\\Mozilla Firefox\\browser"" - {c2d84bd5-f9ae-40f3-a50f-3428d953e879} 4588 ""\\\\.\\pipe\\gecko-crash-server-pipe.4588"" gpu",C:\\Program Files (x86)\\Mozilla Firefox\\firefox.exe
1,4788,4588,firefox.exe,0x8f871549b300,20,-,1,True,2024-08-30 22:50:56.000000 UTC,N/A,\\Device\\HarddiskVolume1\\Program Files (x86)\\Mozilla Firefox\\firefox.exe,"""C:\\Program Files (x86)\\Mozilla Firefox\\firefox.exe"" -contentproc --channel=6020 -childID 7 -isForBrowser -prefsHandle 6028 -prefMapHandle 6032 -prefsLen 29018 -prefMapSize 251350 -jsInitHandle 1320 -jsInitLen 234488 -parentBuildID 20240606181944 -win32kLockedDown -appDir ""C:\\Program Files (x86)\\Mozilla Firefox\\browser"" - {3b184622-85e3-4709-972f-b330690d0c3c} 4588 ""\\\\.\\pipe\\gecko-crash-server-pipe.4588"" tab",C:\\Program Files (x86)\\Mozilla Firefox\\firefox.exe
1,1084,4588,firefox.exe,0x8f8725fbd3c0,16,-,1,True,2024-08-30 22:53:55.000000 UTC,N/A,\\Device\\HarddiskVolume1\\Program Files (x86)\\Mozilla Firefox\\firefox.exe,"""C:\\Program Files (x86)\\Mozilla Firefox\\firefox.exe"" -contentproc --channel=2804 -childID 8 -isForBrowser -prefsHandle 5108 -prefMapHandle 4380 -prefsLen 33491 -prefMapSize 251350 -jsInitHandle 1320 -jsInitLen 234488 -parentBuildID 20240606181944 -win32kLockedDown -appDir ""C:\\Program Files (x86)\\Mozilla Firefox\\browser"" - {22b5408a-0404-4132-8f3c-c3a054c29d8a} 4588 ""\\\\.\\pipe\\gecko-crash-server-pipe.4588"" tab",C:\\Program Files (x86)\\Mozilla Firefox\\firefox.exe
1,4668,4588,firefox.exe,0x8f8724c020c0,16,-,1,True,2024-08-30 22:50:56.000000 UTC,N/A,\\Device\\HarddiskVolume1\\Program Files (x86)\\Mozilla Firefox\\firefox.exe,"""C:\\Program Files (x86)\\Mozilla Firefox\\firefox.exe"" -contentproc --channel=5636 -childID 5 -isForBrowser -prefsHandle 5136 -prefMapHandle 5628 -prefsLen 28669 -prefMapSize 251350 -jsInitHandle 1320 -jsInitLen 234488 -parentBuildID 20240606181944 -win32kLockedDown -appDir ""C:\\Program Files (x86)\\Mozilla Firefox\\browser"" - {2ed79622-a491-4659-b324-147999dd645b} 4588 ""\\\\.\\pipe\\gecko-crash-server-pipe.4588"" tab",C:\\Program Files (x86)\\Mozilla Firefox\\firefox.exe
1,4936,4588,firefox.exe,0x8f87189df0c0,18,-,1,True,2024-08-30 22:50:56.000000 UTC,N/A,\\Device\\HarddiskVolume1\\Program Files (x86)\\Mozilla Firefox\\firefox.exe,"""C:\\Program Files (x86)\\Mozilla Firefox\\firefox.exe"" -contentproc --channel=5832 -childID 6 -isForBrowser -prefsHandle 5840 -prefMapHandle 5844 -prefsLen 29018 -prefMapSize 251350 -jsInitHandle 1320 -jsInitLen 234488 -parentBuildID 20240606181944 -win32kLockedDown -appDir ""C:\\Program Files (x86)\\Mozilla Firefox\\browser"" - {bb861d47-4809-4708-8407-00ba34de4e15} 4588 ""\\\\.\\pipe\\gecko-crash-server-pipe.4588"" tab",C:\\Program Files (x86)\\Mozilla Firefox\\firefox.exe
1,4952,4588,firefox.exe,0x8f87189130c0,16,-,1,True,2024-08-30 22:53:59.000000 UTC,N/A,\\Device\\HarddiskVolume1\\Program Files (x86)\\Mozilla Firefox\\firefox.exe,"""C:\\Program Files (x86)\\Mozilla Firefox\\firefox.exe"" -contentproc --channel=3996 -childID 9 -isForBrowser -prefsHandle 4996 -prefMapHandle 3296 -prefsLen 33570 -prefMapSize 251350 -jsInitHandle 1320 -jsInitLen 234488 -parentBuildID 20240606181944 -win32kLockedDown -appDir ""C:\\Program Files (x86)\\Mozilla Firefox\\browser"" - {0c981e14-f2ee-4464-887c-3ed91d77a70d} 4588 ""\\\\.\\pipe\\gecko-crash-server-pipe.4588"" tab",C:\\Program Files (x86)\\Mozilla Firefox\\firefox.exe
1,856,4588,firefox.exe,0x8f870ba81080,16,-,1,True,2024-08-30 22:54:35.000000 UTC,N/A,\\Device\\HarddiskVolume1\\Program Files (x86)\\Mozilla Firefox\\firefox.exe,"""C:\\Program Files (x86)\\Mozilla Firefox\\firefox.exe"" -contentproc --channel=7696 -childID 13 -isForBrowser -prefsHandle 7688 -prefMapHandle 7680 -prefsLen 33570 -prefMapSize 251350 -jsInitHandle 1320 -jsInitLen 234488 -parentBuildID 20240606181944 -win32kLockedDown -appDir ""C:\\Program Files (x86)\\Mozilla Firefox\\browser"" - {5d7509ba-2868-4122-8310-9b3077a3261b} 4588 ""\\\\.\\pipe\\gecko-crash-server-pipe.4588"" tab",C:\\Program Files (x86)\\Mozilla Firefox\\firefox.exe
1,3800,4588,firefox.exe,0x8f870b956080,5,-,1,True,2024-08-30 22:50:50.000000 UTC,N/A,\\Device\\HarddiskVolume1\\Program Files (x86)\\Mozilla Firefox\\firefox.exe,"""C:\\Program Files (x86)\\Mozilla Firefox\\firefox.exe"" -contentproc --channel=2104 -parentBuildID 20240606181944 -prefsHandle 2096 -prefMapHandle 2092 -prefsLen 26176 -prefMapSize 251350 -win32kLockedDown -appDir ""C:\\Program Files (x86)\\Mozilla Firefox\\browser"" - {7143a08f-cfb8-4565-a5f5-288dfadfbf58} 4588 ""\\\\.\\pipe\\gecko-crash-server-pipe.4588"" socket",C:\\Program Files (x86)\\Mozilla Firefox\\firefox.exe
1,5084,4588,updater.exe,0x8f870bcc40c0,0,-,1,True,2024-08-30 22:51:35.000000 UTC,2024-08-30 22:51:54.000000 UTC,\\Device\\HarddiskVolume1\\Program Files (x86)\\Mozilla Firefox\\updater.exe,-,-
1,5212,4588,firefox.exe,0x8f870adbc080,13,-,1,True,2024-08-30 22:56:42.000000 UTC,N/A,\\Device\\HarddiskVolume1\\Program Files (x86)\\Mozilla Firefox\\firefox.exe,"""C:\\Program Files (x86)\\Mozilla Firefox\\firefox.exe"" -contentproc --channel=8236 -childID 23 -isForBrowser -prefsHandle 8248 -prefMapHandle 8160 -prefsLen 33666 -prefMapSize 251350 -jsInitHandle 1320 -jsInitLen 234488 -parentBuildID 20240606181944 -win32kLockedDown -appDir ""C:\\Program Files (x86)\\Mozilla Firefox\\browser"" - {b9663ea7-719b-4af4-b886-1557da8039c1} 4588 ""\\\\.\\pipe\\gecko-crash-server-pipe.4588"" tab",C:\\Program Files (x86)\\Mozilla Firefox\\firefox.exe
1,5988,4588,firefox.exe,0x8f870af64080,12,-,1,True,2024-08-30 23:00:11.000000 UTC,N/A,\\Device\\HarddiskVolume1\\Program Files (x86)\\Mozilla Firefox\\firefox.exe,"""C:\\Program Files (x86)\\Mozilla Firefox\\firefox.exe"" -contentproc --channel=9108 -childID 25 -isForBrowser -prefsHandle 4552 -prefMapHandle 4548 -prefsLen 33666 -prefMapSize 251350 -jsInitHandle 1320 -jsInitLen 234488 -parentBuildID 20240606181944 -win32kLockedDown -appDir ""C:\\Program Files (x86)\\Mozilla Firefox\\browser"" - {70f72afc-d877-4fc4-b54c-dd9563817eb6} 4588 ""\\\\.\\pipe\\gecko-crash-server-pipe.4588"" tab",C:\\Program Files (x86)\\Mozilla Firefox\\firefox.exe
1,3952,4588,firefox.exe,0x8f871a0df0c0,5,-,1,True,2024-08-30 22:50:54.000000 UTC,N/A,\\Device\\HarddiskVolume1\\Program Files (x86)\\Mozilla Firefox\\firefox.exe,"""C:\\Program Files (x86)\\Mozilla Firefox\\firefox.exe"" -contentproc --channel=3960 -parentBuildID 20240606181944 -sandboxingKind 0 -prefsHandle 4156 -prefMapHandle 3448 -prefsLen 32786 -prefMapSize 251350 -win32kLockedDown -appDir ""C:\\Program Files (x86)\\Mozilla Firefox\\browser"" - {39fbcb47-4195-42d0-8363-6eef9881f96e} 4588 ""\\\\.\\pipe\\gecko-crash-server-pipe.4588"" utility",C:\\Program Files (x86)\\Mozilla Firefox\\firefox.exe
1,2160,4588,firefox.exe,0x8f870bcd7080,16,-,1,True,2024-08-30 22:54:39.000000 UTC,N/A,\\Device\\HarddiskVolume1\\Program Files (x86)\\Mozilla Firefox\\firefox.exe,"""C:\\Program Files (x86)\\Mozilla Firefox\\firefox.exe"" -contentproc --channel=7816 -childID 14 -isForBrowser -prefsHandle 7592 -prefMapHandle 7624 -prefsLen 33570 -prefMapSize 251350 -jsInitHandle 1320 -jsInitLen 234488 -parentBuildID 20240606181944 -win32kLockedDown -appDir ""C:\\Program Files (x86)\\Mozilla Firefox\\browser"" - {07c7fa9a-c6ef-4a86-b161-d8bd56dd2b71} 4588 ""\\\\.\\pipe\\gecko-crash-server-pipe.4588"" tab",C:\\Program Files (x86)\\Mozilla Firefox\\firefox.exe
1,4596,4588,firefox.exe,0x8f871359b0c0,17,-,1,True,2024-08-30 22:54:52.000000 UTC,N/A,\\Device\\HarddiskVolume1\\Program Files (x86)\\Mozilla Firefox\\firefox.exe,"""C:\\Program Files (x86)\\Mozilla Firefox\\firefox.exe"" -contentproc --channel=6388 -childID 16 -isForBrowser -prefsHandle 8088 -prefMapHandle 3636 -prefsLen 33626 -prefMapSize 251350 -jsInitHandle 1320 -jsInitLen 234488 -parentBuildID 20240606181944 -win32kLockedDown -appDir ""C:\\Program Files (x86)\\Mozilla Firefox\\browser"" - {26cfa534-a5e2-4d12-93df-8041f19c31b4} 4588 ""\\\\.\\pipe\\gecko-crash-server-pipe.4588"" tab",C:\\Program Files (x86)\\Mozilla Firefox\\firefox.exe
1,1404,4588,firefox.exe,0x8f870bb21540,17,-,1,True,2024-08-30 22:50:53.000000 UTC,N/A,\\Device\\HarddiskVolume1\\Program Files (x86)\\Mozilla Firefox\\firefox.exe,"""C:\\Program Files (x86)\\Mozilla Firefox\\firefox.exe"" -contentproc --channel=4252 -childID 4 -isForBrowser -prefsHandle 4244 -prefMapHandle 4240 -prefsLen 27806 -prefMapSize 251350 -jsInitHandle 1320 -jsInitLen 234488 -parentBuildID 20240606181944 -win32kLockedDown -appDir ""C:\\Program Files (x86)\\Mozilla Firefox\\browser"" - {6c090209-3082-4ef5-a327-01ed87d3c887} 4588 ""\\\\.\\pipe\\gecko-crash-server-pipe.4588"" tab",C:\\Program Files (x86)\\Mozilla Firefox\\firefox.exe
0,2840,5412,FTK Imager.exe,0x8f870b148080,26,-,1,False,2024-08-30 23:22:15.000000 UTC,N/A,\\Device\\HarddiskVolume1\\Program Files\\AccessData\\FTK Imager\\FTK Imager.exe,"""C:\\Program Files\\AccessData\\FTK Imager\\FTK Imager.exe""",C:\\Program Files\\AccessData\\FTK Imager\\FTK Imager.exe

