TreeDepth,PID,PPID,ImageFileName,Offset(V),Threads,Handles,SessionId,Wow64,CreateTime,ExitTime,File output
0,4,0,System,0x8f8706064080,99,-,N/A,False,2024-08-30 22:38:28.000000 UTC,N/A,Disabled
0,68,4,Registry,0x8f87061ac080,4,-,N/A,False,2024-08-30 22:38:26.000000 UTC,N/A,Disabled
0,296,4,smss.exe,0x8f8706d60700,2,-,N/A,False,2024-08-30 22:38:28.000000 UTC,N/A,Disabled
0,404,392,csrss.exe,0x8f870689c080,10,-,0,False,2024-08-30 22:38:34.000000 UTC,N/A,Disabled
0,480,472,csrss.exe,0x8f870a42f140,12,-,1,False,2024-08-30 22:38:36.000000 UTC,N/A,Disabled
0,496,392,wininit.exe,0x8f870a441080,1,-,0,False,2024-08-30 22:38:36.000000 UTC,N/A,Disabled
0,536,472,winlogon.exe,0x8f8706ccd0c0,6,-,1,False,2024-08-30 22:38:36.000000 UTC,N/A,Disabled
0,600,496,services.exe,0x8f870a46f080,6,-,0,False,2024-08-30 22:38:36.000000 UTC,N/A,Disabled
0,608,496,lsass.exe,0x8f870a468080,14,-,0,False,2024-08-30 22:38:36.000000 UTC,N/A,Disabled
0,704,600,svchost.exe,0x8f870a52c200,15,-,0,False,2024-08-30 22:38:37.000000 UTC,N/A,Disabled
0,724,496,fontdrvhost.ex,0x8f8709b5d080,5,-,0,False,2024-08-30 22:38:37.000000 UTC,N/A,Disabled
0,732,536,fontdrvhost.ex,0x8f870a4dc080,5,-,1,False,2024-08-30 22:38:37.000000 UTC,N/A,Disabled
0,796,600,svchost.exe,0x8f870a4e5080,10,-,0,False,2024-08-30 22:38:37.000000 UTC,N/A,Disabled
0,884,536,dwm.exe,0x8f870a5b8080,14,-,1,False,2024-08-30 22:38:37.000000 UTC,N/A,Disabled
0,1008,600,svchost.exe,0x8f870a352280,27,-,0,False,2024-08-30 22:38:37.000000 UTC,N/A,Disabled
0,1020,600,svchost.exe,0x8f870a35a280,9,-,0,False,2024-08-30 22:38:38.000000 UTC,N/A,Disabled
0,348,600,svchost.exe,0x8f870a31e080,17,-,0,False,2024-08-30 22:38:38.000000 UTC,N/A,Disabled
0,320,600,svchost.exe,0x8f870a5f72c0,28,-,0,False,2024-08-30 22:38:38.000000 UTC,N/A,Disabled
0,428,600,svchost.exe,0x8f870a386280,5,-,0,False,2024-08-30 22:38:38.000000 UTC,N/A,Disabled
0,792,600,svchost.exe,0x8f870a3c1200,28,-,0,False,2024-08-30 22:38:38.000000 UTC,N/A,Disabled
0,972,600,svchost.exe,0x8f870a3cb280,21,-,0,False,2024-08-30 22:38:38.000000 UTC,N/A,Disabled
0,1172,600,svchost.exe,0x8f87061d7080,16,-,0,False,2024-08-30 22:38:38.000000 UTC,N/A,Disabled
0,1204,600,svchost.exe,0x8f870ac602c0,15,-,0,False,2024-08-30 22:38:38.000000 UTC,N/A,Disabled
0,1344,600,svchost.exe,0x8f8706158080,40,-,0,False,2024-08-30 22:38:39.000000 UTC,N/A,Disabled
0,1568,600,svchost.exe,0x8f870ad2e080,5,-,0,False,2024-08-30 22:38:39.000000 UTC,N/A,Disabled
0,1588,600,VSSVC.exe,0x8f870adab080,2,-,0,False,2024-08-30 22:38:39.000000 UTC,N/A,Disabled
0,1692,600,svchost.exe,0x8f870adb9080,4,-,0,False,2024-08-30 22:38:39.000000 UTC,N/A,Disabled
0,1288,600,spoolsv.exe,0x8f870af0f080,6,-,0,False,2024-08-30 22:38:40.000000 UTC,N/A,Disabled
0,1872,600,svchost.exe,0x8f870af2b280,10,-,0,False,2024-08-30 22:38:41.000000 UTC,N/A,Disabled
0,2092,600,svchost.exe,0x8f870af8a080,6,-,0,False,2024-08-30 22:38:41.000000 UTC,N/A,Disabled
0,2116,600,splunkd.exe,0x8f870af63080,52,-,0,False,2024-08-30 22:38:41.000000 UTC,N/A,Disabled
0,2144,600,wlms.exe,0x8f870b00a080,2,-,0,False,2024-08-30 22:38:41.000000 UTC,N/A,Disabled
0,2152,600,Sysmon64.exe,0x8f870b008080,13,-,0,False,2024-08-30 22:38:41.000000 UTC,N/A,Disabled
0,2276,600,sppsvc.exe,0x8f870b042080,3,-,0,False,2024-08-30 22:38:42.000000 UTC,N/A,Disabled
0,2524,704,unsecapp.exe,0x8f870b175080,2,-,0,False,2024-08-30 22:38:45.000000 UTC,N/A,Disabled
0,2656,2116,conhost.exe,0x8f8706335080,4,-,0,False,2024-08-30 22:38:45.000000 UTC,N/A,Disabled
0,2820,704,SppExtComObj.E,0x8f870b307080,1,-,0,False,2024-08-30 22:38:54.000000 UTC,N/A,Disabled
0,2896,600,svchost.exe,0x8f870633e080,11,-,0,False,2024-08-30 22:38:54.000000 UTC,N/A,Disabled
0,1320,600,msdtc.exe,0x8f8706193080,9,-,0,False,2024-08-30 22:40:46.000000 UTC,N/A,Disabled
0,356,600,svchost.exe,0x8f870b4b2080,1,-,0,False,2024-08-30 22:40:50.000000 UTC,N/A,Disabled
0,272,600,svchost.exe,0x8f870af89080,6,-,0,False,2024-08-30 22:41:15.000000 UTC,N/A,Disabled
0,2772,1344,sihost.exe,0x8f870b4a4080,9,-,1,False,2024-08-30 22:43:09.000000 UTC,N/A,Disabled
0,1516,600,svchost.exe,0x8f870ae18080,5,-,1,False,2024-08-30 22:43:09.000000 UTC,N/A,Disabled
0,1956,1344,taskhostw.exe,0x8f870a321080,7,-,1,False,2024-08-30 22:43:09.000000 UTC,N/A,Disabled
0,1672,792,ctfmon.exe,0x8f870b168080,8,-,1,False,2024-08-30 22:43:10.000000 UTC,N/A,Disabled
0,1356,536,userinit.exe,0x8f870af11080,0,-,1,False,2024-08-30 22:43:11.000000 UTC,2024-08-30 22:43:34.000000 UTC,Disabled
0,2788,1356,explorer.exe,0x8f87062ad080,64,-,1,False,2024-08-30 22:43:11.000000 UTC,N/A,Disabled
0,3264,704,ShellExperienc,0x8f870b952080,20,-,1,False,2024-08-30 22:43:14.000000 UTC,N/A,Disabled
0,3388,704,SearchUI.exe,0x8f870b9a0080,15,-,1,False,2024-08-30 22:43:15.000000 UTC,N/A,Disabled
0,3444,704,RuntimeBroker.,0x8f870b963080,2,-,1,False,2024-08-30 22:43:16.000000 UTC,N/A,Disabled
0,3544,704,RuntimeBroker.,0x8f870ba19080,9,-,1,False,2024-08-30 22:43:17.000000 UTC,N/A,Disabled
0,3856,704,RuntimeBroker.,0x8f870bacc080,5,-,1,False,2024-08-30 22:43:24.000000 UTC,N/A,Disabled
0,3564,2940,firefox.exe,0x8f870ba7f080,0,-,1,True,2024-08-30 22:46:01.000000 UTC,2024-08-30 22:46:08.000000 UTC,Disabled
0,4588,940,firefox.exe,0x8f870b5ed080,65,-,1,True,2024-08-30 22:50:48.000000 UTC,N/A,Disabled
0,3508,4588,firefox.exe,0x8f871cc350c0,18,-,1,True,2024-08-30 22:50:49.000000 UTC,N/A,Disabled
0,3800,4588,firefox.exe,0x8f870b956080,5,-,1,True,2024-08-30 22:50:50.000000 UTC,N/A,Disabled
0,4020,4588,firefox.exe,0x8f870b5ea080,16,-,1,True,2024-08-30 22:50:52.000000 UTC,N/A,Disabled
0,1404,4588,firefox.exe,0x8f870bb21540,17,-,1,True,2024-08-30 22:50:53.000000 UTC,N/A,Disabled
0,3952,4588,firefox.exe,0x8f871a0df0c0,5,-,1,True,2024-08-30 22:50:54.000000 UTC,N/A,Disabled
0,3372,4588,firefox.exe,0x8f871ce130c0,5,-,1,True,2024-08-30 22:50:56.000000 UTC,N/A,Disabled
0,4668,4588,firefox.exe,0x8f8724c020c0,16,-,1,True,2024-08-30 22:50:56.000000 UTC,N/A,Disabled
0,4936,4588,firefox.exe,0x8f87189df0c0,18,-,1,True,2024-08-30 22:50:56.000000 UTC,N/A,Disabled
0,4788,4588,firefox.exe,0x8f871549b300,20,-,1,True,2024-08-30 22:50:56.000000 UTC,N/A,Disabled
0,5084,4588,updater.exe,0x8f870bcc40c0,0,-,1,True,2024-08-30 22:51:35.000000 UTC,2024-08-30 22:51:54.000000 UTC,Disabled
0,1084,4588,firefox.exe,0x8f8725fbd3c0,16,-,1,True,2024-08-30 22:53:55.000000 UTC,N/A,Disabled
0,4952,4588,firefox.exe,0x8f87189130c0,16,-,1,True,2024-08-30 22:53:59.000000 UTC,N/A,Disabled
0,4768,4588,firefox.exe,0x8f870a5f5080,16,-,1,True,2024-08-30 22:54:13.000000 UTC,N/A,Disabled
0,424,4588,firefox.exe,0x8f870adc5080,17,-,1,True,2024-08-30 22:54:13.000000 UTC,N/A,Disabled
0,856,4588,firefox.exe,0x8f870ba81080,16,-,1,True,2024-08-30 22:54:35.000000 UTC,N/A,Disabled
0,2160,4588,firefox.exe,0x8f870bcd7080,16,-,1,True,2024-08-30 22:54:39.000000 UTC,N/A,Disabled
0,4596,4588,firefox.exe,0x8f871359b0c0,17,-,1,True,2024-08-30 22:54:52.000000 UTC,N/A,Disabled
0,580,1344,taskhostw.exe,0x8f87189bd0c0,4,-,1,False,2024-08-30 22:55:12.000000 UTC,N/A,Disabled
0,5028,4588,firefox.exe,0x8f8719f680c0,5,-,1,True,2024-08-30 22:55:15.000000 UTC,N/A,Disabled
0,2496,580,rdrleakdiag.ex,0x8f87156ac0c0,1,-,1,True,2024-08-30 22:55:52.000000 UTC,N/A,Disabled
0,5212,4588,firefox.exe,0x8f870adbc080,13,-,1,True,2024-08-30 22:56:42.000000 UTC,N/A,Disabled
0,4872,4588,firefox.exe,0x8f8717b94300,12,-,1,True,2024-08-30 22:57:18.000000 UTC,N/A,Disabled
0,5988,4588,firefox.exe,0x8f870af64080,12,-,1,True,2024-08-30 23:00:11.000000 UTC,N/A,Disabled
0,5152,600,msiexec.exe,0x8f870be2f080,8,-,0,False,2024-08-30 23:21:51.000000 UTC,N/A,Disabled
0,88,5152,msiexec.exe,0x8f87250cb0c0,0,-,1,True,2024-08-30 23:21:52.000000 UTC,2024-08-30 23:22:16.000000 UTC,Disabled
0,2840,5412,FTK Imager.exe,0x8f870b148080,26,-,1,False,2024-08-30 23:22:15.000000 UTC,N/A,Disabled
0,3304,600,svchost.exe,0x8f870be74340,7,-,0,False,2024-08-30 23:22:22.000000 UTC,N/A,Disabled

